fecha,provincia,region,precio_95,precio_98,precio_diesel,precio_diesel_plus,num_estaciones,impuesto_especial
2020-01-01,Madrid,Centro-Levante,1.24,,1.16,1.299,145.0,0.415
2020-01-01,Barcelona,Centro-Levante,1.242,1.34,1.161,1.289,88.0,0.411
2020-01-01,Valencia,Centro-Levante,1.238,1.346,1.141,1.285,,0.404
2020-01-01,Sevilla,Sur,1.286,1.401,1.191,1.313,141.0,0.435
2020-01-01,Zaragoza,Norte,1.223,1.361,1.128,1.266,104.0,0.442
2020-01-01,Bilbao,Norte,1.29,1.407,1.184,1.292,85.0,0.422
2020-01-01,Malaga,Sur,1.282,1.419,1.188,1.333,214.0,0.458
2020-01-01,Murcia,Centro-Levante,1.309,1.423,1.189,1.308,245.0,0.405
2020-01-01,Alicante,Centro-Levante,1.268,1.367,1.16,1.284,117.0,0.457
2020-01-01,Valladolid,Norte,,1.448,1.199,1.366,124.0,0.434
2020-01-01,Palma,Islas,1.2,1.367,1.132,1.252,147.0,0.46
2020-01-01,Las Palmas,Islas,1.219,,1.137,1.278,249.0,0.47
2020-01-01,Santa Cruz de Tenerife,Islas,1.32,,1.196,1.337,,0.434
2020-01-01,Cordoba,Sur,1.295,1.391,1.205,1.326,162.0,0.427
2020-01-01,Granada,Sur,1.317,1.413,1.202,1.36,178.0,0.424
2020-02-01,Madrid,Centro-Levante,1.237,1.394,1.157,1.285,180.0,0.422
2020-02-01,Barcelona,Centro-Levante,,1.448,1.229,1.355,226.0,0.461
2020-02-01,Valencia,Centro-Levante,1.24,1.376,1.174,1.305,263.0,0.443
2020-02-01,Sevilla,Sur,1.236,1.387,1.163,1.283,180.0,0.418
2020-02-01,Zaragoza,Norte,1.293,1.437,1.188,1.336,170.0,0.411
2020-02-01,Bilbao,Norte,1.263,1.406,1.181,1.304,261.0,0.419
2020-02-01,Malaga,Sur,1.281,1.352,,1.289,127.0,0.472
2020-02-01,Murcia,Centro-Levante,1.332,1.471,1.225,1.363,190.0,0.455
2020-02-01,Alicante,Centro-Levante,1.281,1.44,1.188,1.32,,0.46
2020-02-01,Valladolid,Norte,1.305,1.443,1.189,1.331,97.0,0.42
2020-02-01,Palma,Islas,1.32,1.474,,1.376,,0.44
2020-02-01,Las Palmas,Islas,1.271,1.421,1.18,1.333,182.0,0.414
2020-02-01,Santa Cruz de Tenerife,Islas,1.326,1.456,1.237,1.353,226.0,0.431
2020-02-01,Cordoba,Sur,1.305,1.441,1.228,1.35,217.0,0.408
2020-02-01,Granada,Sur,1.322,1.441,1.196,1.336,243.0,0.456
2020-03-01,Madrid,Centro-Levante,1.292,1.399,1.182,1.311,181.0,0.44
2020-03-01,Barcelona,Centro-Levante,1.335,1.472,1.234,1.355,190.0,0.427
2020-03-01,Valencia,Centro-Levante,1.282,1.397,1.179,1.303,,0.447
2020-03-01,Sevilla,Sur,1.25,1.362,1.141,1.294,187.0,0.417
2020-03-01,Zaragoza,Norte,1.34,1.462,1.221,1.344,180.0,0.426
2020-03-01,Bilbao,Norte,1.328,1.445,1.201,1.342,279.0,0.414
2020-03-01,Malaga,Sur,1.262,1.363,1.169,1.303,202.0,0.449
2020-03-01,Murcia,Centro-Levante,1.309,1.403,1.169,1.311,292.0,0.408
2020-03-01,Alicante,Centro-Levante,1.272,1.42,1.167,1.306,272.0,0.404
2020-03-01,Valladolid,Norte,1.299,1.41,1.208,1.314,,0.413
2020-03-01,Palma,Islas,,1.38,1.157,1.281,66.0,0.451
2020-03-01,Las Palmas,Islas,1.307,1.428,1.189,1.323,173.0,0.472
2020-03-01,Santa Cruz de Tenerife,Islas,,1.395,1.172,1.286,142.0,0.456
2020-03-01,Cordoba,Sur,1.3,1.44,1.212,1.327,232.0,0.414
2020-03-01,Granada,Sur,1.29,1.429,1.209,1.361,273.0,0.46
2020-04-01,Madrid,Centro-Levante,1.246,1.382,1.163,1.276,236.0,0.472
2020-04-01,Barcelona,Centro-Levante,1.277,1.402,1.204,1.324,72.0,0.426
2020-04-01,Valencia,Centro-Levante,1.303,1.451,,1.331,,0.444
2020-04-01,Sevilla,Sur,1.281,1.428,1.193,1.332,154.0,0.466
2020-04-01,Zaragoza,Norte,1.316,1.46,,1.335,261.0,0.407
2020-04-01,Bilbao,Norte,1.289,1.473,1.216,1.35,139.0,0.41
2020-04-01,Malaga,Sur,1.253,1.403,1.163,1.29,185.0,0.43
2020-04-01,Murcia,Centro-Levante,1.265,1.407,1.171,1.312,208.0,0.442
2020-04-01,Alicante,Centro-Levante,1.306,1.428,1.227,1.349,288.0,0.472
2020-04-01,Valladolid,Norte,,,,1.286,170.0,0.428
2020-04-01,Palma,Islas,1.28,1.402,1.205,1.337,238.0,0.413
2020-04-01,Las Palmas,Islas,1.344,1.485,1.241,1.361,175.0,0.465
2020-04-01,Santa Cruz de Tenerife,Islas,1.336,1.475,1.228,1.375,174.0,0.467
2020-04-01,Cordoba,Sur,1.289,1.442,1.225,1.355,,0.48
2020-04-01,Granada,Sur,1.346,1.494,1.245,1.368,84.0,0.41
2020-05-01,Madrid,Centro-Levante,1.31,1.468,1.243,1.379,130.0,0.454
2020-05-01,Barcelona,Centro-Levante,1.282,1.419,1.206,1.319,249.0,0.445
2020-05-01,Valencia,Centro-Levante,1.307,1.449,,1.363,153.0,0.401
2020-05-01,Sevilla,Sur,1.265,1.374,1.187,1.311,171.0,0.428
2020-05-01,Zaragoza,Norte,1.279,1.436,1.198,1.32,,0.421
2020-05-01,Bilbao,Norte,1.293,1.411,1.186,1.324,93.0,0.419
2020-05-01,Malaga,Sur,1.226,1.38,1.152,1.269,303.0,0.414
2020-05-01,Murcia,Centro-Levante,1.249,1.372,1.148,1.267,168.0,0.429
2020-05-01,Alicante,Centro-Levante,1.284,1.416,1.192,1.33,231.0,0.46
2020-05-01,Valladolid,Norte,1.244,1.375,1.139,1.312,161.0,0.43
2020-05-01,Palma,Islas,1.294,1.396,1.182,1.323,121.0,0.436
2020-05-01,Las Palmas,Islas,1.289,1.406,1.177,1.316,177.0,0.426
2020-05-01,Santa Cruz de Tenerife,Islas,,1.381,1.159,1.297,,0.44
2020-05-01,Cordoba,Sur,,1.409,1.156,1.268,274.0,0.41
2020-05-01,Granada,Sur,1.284,1.374,1.14,1.305,181.0,0.419
2020-06-01,Madrid,Centro-Levante,,1.357,1.127,1.26,155.0,0.423
2020-06-01,Barcelona,Centro-Levante,1.204,1.382,1.146,1.27,194.0,0.421
2020-06-01,Valencia,Centro-Levante,1.245,1.379,,1.296,277.0,0.422
2020-06-01,Sevilla,Sur,1.292,1.416,1.204,1.298,152.0,0.449
2020-06-01,Zaragoza,Norte,1.248,1.366,1.156,1.316,83.0,0.404
2020-06-01,Bilbao,Norte,1.249,1.399,1.171,1.297,136.0,0.433
2020-06-01,Malaga,Sur,1.295,1.391,1.16,1.295,274.0,0.467
2020-06-01,Murcia,Centro-Levante,1.229,1.377,1.134,1.264,212.0,0.442
2020-06-01,Alicante,Centro-Levante,1.275,1.386,1.171,1.287,258.0,0.43
2020-06-01,Valladolid,Norte,1.286,1.388,1.151,1.3,,0.443
2020-06-01,Palma,Islas,1.327,1.431,1.218,1.347,214.0,0.427
2020-06-01,Las Palmas,Islas,1.246,1.387,1.15,1.269,150.0,0.425
2020-06-01,Santa Cruz de Tenerife,Islas,1.255,1.401,1.154,1.275,229.0,0.466
2020-06-01,Cordoba,Sur,,1.358,1.13,1.258,237.0,0.451
2020-06-01,Granada,Sur,1.308,1.399,1.197,1.311,149.0,0.473
2020-07-01,Madrid,Centro-Levante,,1.366,1.174,1.333,167.0,0.47
2020-07-01,Barcelona,Centro-Levante,1.307,1.463,1.213,1.339,206.0,0.412
2020-07-01,Valencia,Centro-Levante,,1.429,1.173,1.302,174.0,0.409
2020-07-01,Sevilla,Sur,1.323,1.48,1.218,1.334,171.0,0.427
2020-07-01,Zaragoza,Norte,1.306,1.388,1.191,1.331,256.0,0.436
2020-07-01,Bilbao,Norte,1.223,1.349,1.134,1.265,100.0,0.434
2020-07-01,Malaga,Sur,1.321,1.407,1.192,1.341,132.0,0.48
2020-07-01,Murcia,Centro-Levante,1.261,,1.165,1.284,220.0,0.472
2020-07-01,Alicante,Centro-Levante,1.272,1.347,1.15,1.232,55.0,0.445
2020-07-01,Valladolid,Norte,1.21,1.363,1.125,1.257,211.0,0.422
2020-07-01,Palma,Islas,1.272,1.406,1.183,1.298,174.0,0.418
2020-07-01,Las Palmas,Islas,1.237,1.368,1.135,1.272,116.0,0.419
2020-07-01,Santa Cruz de Tenerife,Islas,1.235,,1.126,1.256,278.0,0.416
2020-07-01,Cordoba,Sur,1.227,1.347,1.163,1.257,131.0,0.43
2020-07-01,Granada,Sur,,1.381,1.187,1.276,74.0,0.476
2020-08-01,Madrid,Centro-Levante,1.274,,1.182,1.308,260.0,0.402
2020-08-01,Barcelona,Centro-Levante,1.265,1.373,1.125,1.258,102.0,0.422
2020-08-01,Valencia,Centro-Levante,1.209,1.313,1.114,1.262,,0.466
2020-08-01,Sevilla,Sur,1.251,1.38,1.115,1.263,170.0,0.431
2020-08-01,Zaragoza,Norte,1.27,1.383,1.16,1.271,214.0,0.431
2020-08-01,Bilbao,Norte,1.255,1.352,1.142,1.244,304.0,0.475
2020-08-01,Malaga,Sur,1.275,1.418,1.161,1.309,,0.448
2020-08-01,Murcia,Centro-Levante,1.234,1.373,1.142,1.265,298.0,0.435
2020-08-01,Alicante,Centro-Levante,1.23,1.368,1.137,1.248,235.0,0.447
2020-08-01,Valladolid,Norte,1.222,1.369,1.155,1.274,229.0,0.453
2020-08-01,Palma,Islas,1.285,1.398,,1.287,176.0,0.479
2020-08-01,Las Palmas,Islas,1.313,1.432,1.206,1.328,247.0,0.468
2020-08-01,Santa Cruz de Tenerife,Islas,1.237,1.347,1.144,1.255,256.0,0.458
2020-08-01,Cordoba,Sur,1.219,1.314,,1.255,,0.449
2020-08-01,Granada,Sur,1.234,1.37,,1.274,138.0,0.432
2020-09-01,Madrid,Centro-Levante,1.268,1.389,1.134,1.263,127.0,0.409
2020-09-01,Barcelona,Centro-Levante,1.253,,1.129,1.248,107.0,0.454
2020-09-01,Valencia,Centro-Levante,1.225,1.345,1.156,1.25,250.0,0.441
2020-09-01,Sevilla,Sur,1.253,1.351,1.122,1.266,142.0,0.428
2020-09-01,Zaragoza,Norte,1.206,1.324,1.121,1.254,200.0,0.418
2020-09-01,Bilbao,Norte,1.223,,1.14,1.248,189.0,0.47
2020-09-01,Malaga,Sur,1.241,1.379,1.122,1.264,75.0,0.421
2020-09-01,Murcia,Centro-Levante,1.259,1.396,1.178,1.317,116.0,0.406
2020-09-01,Alicante,Centro-Levante,1.239,1.408,1.206,1.325,259.0,0.445
2020-09-01,Valladolid,Norte,,1.366,1.136,1.274,205.0,0.469
2020-09-01,Palma,Islas,1.284,1.42,1.189,1.325,141.0,0.47
2020-09-01,Las Palmas,Islas,1.3,1.418,1.183,1.315,209.0,0.465
2020-09-01,Santa Cruz de Tenerife,Islas,1.286,1.419,1.199,1.301,181.0,0.421
2020-09-01,Cordoba,Sur,1.271,1.422,1.172,1.303,155.0,0.443
2020-09-01,Granada,Sur,1.32,1.411,1.204,1.337,168.0,0.457
2020-10-01,Madrid,Centro-Levante,1.215,1.324,1.132,1.245,187.0,0.47
2020-10-01,Barcelona,Centro-Levante,1.317,1.433,1.21,1.317,223.0,0.436
2020-10-01,Valencia,Centro-Levante,1.258,1.353,1.139,1.279,239.0,0.418
2020-10-01,Sevilla,Sur,1.239,1.372,1.12,1.238,173.0,0.451
2020-10-01,Zaragoza,Norte,1.263,1.397,1.151,1.275,139.0,0.402
2020-10-01,Bilbao,Norte,1.293,1.404,,1.309,196.0,0.462
2020-10-01,Malaga,Sur,1.288,1.428,1.198,1.31,199.0,0.403
2020-10-01,Murcia,Centro-Levante,1.325,1.443,1.194,1.336,202.0,0.434
2020-10-01,Alicante,Centro-Levante,1.223,,1.134,1.245,213.0,0.464
2020-10-01,Valladolid,Norte,1.241,1.375,1.143,1.267,328.0,0.423
2020-10-01,Palma,Islas,1.276,1.419,1.189,1.313,145.0,0.408
2020-10-01,Las Palmas,Islas,1.274,1.368,1.145,1.29,127.0,0.428
2020-10-01,Santa Cruz de Tenerife,Islas,1.218,1.345,1.109,1.25,116.0,0.455
2020-10-01,Cordoba,Sur,1.287,1.417,1.197,1.314,288.0,0.47
2020-10-01,Granada,Sur,1.291,,1.198,1.317,237.0,0.465
2020-11-01,Madrid,Centro-Levante,1.28,1.437,1.17,1.307,118.0,0.463
2020-11-01,Barcelona,Centro-Levante,1.287,1.469,1.194,1.314,225.0,0.48
2020-11-01,Valencia,Centro-Levante,1.31,1.465,1.22,1.359,245.0,0.458
2020-11-01,Sevilla,Sur,1.302,,1.192,1.315,300.0,0.458
2020-11-01,Zaragoza,Norte,1.253,1.399,1.187,1.31,211.0,0.451
2020-11-01,Bilbao,Norte,1.284,1.438,1.194,1.336,162.0,0.439
2020-11-01,Malaga,Sur,1.251,1.4,1.127,1.287,110.0,0.431
2020-11-01,Murcia,Centro-Levante,1.331,1.468,1.211,1.369,137.0,0.41
2020-11-01,Alicante,Centro-Levante,1.303,1.452,1.201,1.359,164.0,0.42
2020-11-01,Valladolid,Norte,1.309,1.408,,1.331,253.0,0.438
2020-11-01,Palma,Islas,1.319,1.463,1.21,1.348,160.0,0.405
2020-11-01,Las Palmas,Islas,1.274,1.41,1.17,1.31,206.0,0.441
2020-11-01,Santa Cruz de Tenerife,Islas,1.235,1.37,1.132,1.276,53.0,0.453
2020-11-01,Cordoba,Sur,1.287,1.359,1.151,1.276,140.0,0.436
2020-11-01,Granada,Sur,1.324,1.432,1.215,1.37,237.0,0.446
2020-12-01,Madrid,Centro-Levante,1.256,1.384,1.156,1.268,220.0,0.453
2020-12-01,Barcelona,Centro-Levante,1.276,1.422,1.199,1.314,,0.459
2020-12-01,Valencia,Centro-Levante,1.357,1.441,1.225,1.378,214.0,0.461
2020-12-01,Sevilla,Sur,1.347,1.454,1.229,1.345,103.0,0.456
2020-12-01,Zaragoza,Norte,1.262,1.394,1.183,1.301,143.0,0.406
2020-12-01,Bilbao,Norte,1.325,1.461,1.181,1.33,183.0,0.438
2020-12-01,Malaga,Sur,1.267,1.363,1.132,1.298,70.0,0.443
2020-12-01,Murcia,Centro-Levante,1.319,,1.206,1.343,168.0,0.408
2020-12-01,Alicante,Centro-Levante,,1.414,1.185,1.338,142.0,0.443
2020-12-01,Valladolid,Norte,1.302,1.421,1.172,1.29,171.0,0.454
2020-12-01,Palma,Islas,1.264,1.424,1.169,1.298,,0.421
2020-12-01,Las Palmas,Islas,1.365,1.473,1.237,1.375,208.0,0.448
2020-12-01,Santa Cruz de Tenerife,Islas,1.332,1.456,1.235,1.366,102.0,0.433
2020-12-01,Cordoba,Sur,1.328,1.473,1.241,1.354,228.0,0.434
2020-12-01,Granada,Sur,1.306,,1.205,1.371,105.0,0.413
2021-01-01,Madrid,Centro-Levante,1.335,1.477,1.255,1.39,87.0,0.431
2021-01-01,Barcelona,Centro-Levante,1.33,1.461,1.226,1.361,133.0,0.432
2021-01-01,Valencia,Centro-Levante,1.324,1.456,1.213,1.333,82.0,0.406
2021-01-01,Sevilla,Sur,1.284,1.389,1.167,1.299,,0.442
2021-01-01,Zaragoza,Norte,1.264,1.414,,1.305,207.0,0.426
2021-01-01,Bilbao,Norte,1.332,1.441,,1.327,283.0,0.405
2021-01-01,Malaga,Sur,1.308,1.463,1.212,1.354,275.0,0.428
2021-01-01,Murcia,Centro-Levante,1.329,1.455,1.217,1.364,226.0,0.467
2021-01-01,Alicante,Centro-Levante,1.308,1.452,1.213,1.353,210.0,0.457
2021-01-01,Valladolid,Norte,1.279,,1.16,1.292,165.0,0.475
2021-01-01,Palma,Islas,1.31,1.428,,1.339,230.0,0.44
2021-01-01,Las Palmas,Islas,1.367,1.49,1.272,1.391,249.0,0.47
2021-01-01,Santa Cruz de Tenerife,Islas,,1.493,1.248,1.381,,0.456
2021-01-01,Cordoba,Sur,1.296,1.432,1.204,1.329,191.0,0.469
2021-01-01,Granada,Sur,1.396,1.485,1.251,1.396,28.0,0.412
2021-02-01,Madrid,Centro-Levante,1.32,1.456,1.219,1.327,141.0,0.44
2021-02-01,Barcelona,Centro-Levante,1.33,1.444,1.232,1.341,122.0,0.405
2021-02-01,Valencia,Centro-Levante,1.366,1.48,1.259,1.383,,0.41
2021-02-01,Sevilla,Sur,1.317,1.433,1.212,1.334,87.0,0.45
2021-02-01,Zaragoza,Norte,1.348,1.449,1.232,1.363,239.0,0.416
2021-02-01,Bilbao,Norte,1.337,,1.229,1.358,178.0,0.439
2021-02-01,Malaga,Sur,1.281,1.427,1.174,1.315,112.0,0.417
2021-02-01,Murcia,Centro-Levante,1.268,1.413,,1.338,108.0,0.426
2021-02-01,Alicante,Centro-Levante,1.355,1.451,1.25,1.375,43.0,0.463
2021-02-01,Valladolid,Norte,1.388,1.484,1.252,1.396,174.0,0.451
2021-02-01,Palma,Islas,1.362,1.482,1.258,1.37,190.0,0.441
2021-02-01,Las Palmas,Islas,1.298,1.453,1.194,1.328,194.0,0.406
2021-02-01,Santa Cruz de Tenerife,Islas,1.282,,1.205,1.307,100.0,0.462
2021-02-01,Cordoba,Sur,1.341,1.472,1.252,1.37,133.0,0.402
2021-02-01,Granada,Sur,1.303,1.429,1.206,1.305,149.0,0.41
2021-03-01,Madrid,Centro-Levante,1.361,1.5,1.245,1.382,267.0,0.46
2021-03-01,Barcelona,Centro-Levante,1.398,1.488,1.275,1.408,167.0,0.418
2021-03-01,Valencia,Centro-Levante,1.301,1.428,,1.359,150.0,0.416
2021-03-01,Sevilla,Sur,1.374,1.489,1.29,1.412,195.0,0.468
2021-03-01,Zaragoza,Norte,1.394,1.5,1.296,1.41,233.0,0.452
2021-03-01,Bilbao,Norte,1.319,1.443,1.208,1.337,174.0,0.458
2021-03-01,Malaga,Sur,1.372,1.479,1.278,1.41,318.0,0.441
2021-03-01,Murcia,Centro-Levante,1.336,1.477,1.227,1.354,234.0,0.461
2021-03-01,Alicante,Centro-Levante,1.302,1.436,1.216,1.325,257.0,0.416
2021-03-01,Valladolid,Norte,1.339,1.486,1.263,1.369,113.0,0.463
2021-03-01,Palma,Islas,1.324,1.459,1.24,1.366,130.0,0.458
2021-03-01,Las Palmas,Islas,1.347,1.483,1.296,1.429,134.0,0.4
2021-03-01,Santa Cruz de Tenerife,Islas,1.369,1.473,1.254,1.372,312.0,0.405
2021-03-01,Cordoba,Sur,1.344,1.506,1.271,1.398,237.0,0.464
2021-03-01,Granada,Sur,1.317,1.467,1.23,1.339,236.0,0.441
2021-04-01,Madrid,Centro-Levante,1.344,1.458,1.223,1.354,171.0,0.418
2021-04-01,Barcelona,Centro-Levante,1.353,,1.272,1.367,159.0,0.433
2021-04-01,Valencia,Centro-Levante,1.378,1.522,1.251,1.389,200.0,0.429
2021-04-01,Sevilla,Sur,1.316,1.465,1.201,1.355,241.0,0.467
2021-04-01,Zaragoza,Norte,1.306,1.436,1.225,1.325,,0.406
2021-04-01,Bilbao,Norte,1.32,1.49,1.274,1.402,201.0,0.411
2021-04-01,Malaga,Sur,1.349,1.5,1.267,1.383,126.0,0.42
2021-04-01,Murcia,Centro-Levante,1.368,1.497,1.277,1.429,148.0,0.405
2021-04-01,Alicante,Centro-Levante,1.38,1.512,1.267,1.389,118.0,0.472
2021-04-01,Valladolid,Norte,1.296,1.423,1.201,1.323,173.0,0.421
2021-04-01,Palma,Islas,1.354,1.476,1.27,1.377,324.0,0.478
2021-04-01,Las Palmas,Islas,1.339,1.476,1.246,1.374,217.0,0.445
2021-04-01,Santa Cruz de Tenerife,Islas,1.336,1.468,1.244,1.377,288.0,0.407
2021-04-01,Cordoba,Sur,1.317,1.465,1.23,1.39,286.0,0.444
2021-04-01,Granada,Sur,,1.447,1.197,1.318,176.0,0.463
2021-05-01,Madrid,Centro-Levante,1.293,1.425,1.217,1.324,,0.47
2021-05-01,Barcelona,Centro-Levante,1.372,1.496,1.277,1.405,178.0,0.462
2021-05-01,Valencia,Centro-Levante,1.285,1.405,1.187,1.326,121.0,0.453
2021-05-01,Sevilla,Sur,1.365,1.515,1.258,1.373,192.0,0.463
2021-05-01,Zaragoza,Norte,1.359,1.479,1.25,1.368,106.0,0.456
2021-05-01,Bilbao,Norte,1.364,1.505,1.257,1.389,209.0,0.479
2021-05-01,Malaga,Sur,1.289,1.419,1.201,1.336,168.0,0.449
2021-05-01,Murcia,Centro-Levante,1.274,,1.194,1.328,180.0,0.433
2021-05-01,Alicante,Centro-Levante,1.399,1.533,1.267,1.408,181.0,0.442
2021-05-01,Valladolid,Norte,,1.473,1.262,1.388,198.0,0.443
2021-05-01,Palma,Islas,,1.455,1.252,1.4,174.0,0.466
2021-05-01,Las Palmas,Islas,1.283,1.455,1.206,1.34,155.0,0.428
2021-05-01,Santa Cruz de Tenerife,Islas,1.339,1.477,1.21,1.373,173.0,0.478
2021-05-01,Cordoba,Sur,1.365,1.482,1.237,1.391,112.0,0.406
2021-05-01,Granada,Sur,1.294,1.438,1.194,1.34,262.0,0.441
2021-06-01,Madrid,Centro-Levante,1.318,1.448,,1.341,220.0,0.453
2021-06-01,Barcelona,Centro-Levante,1.302,1.438,1.186,1.33,77.0,0.469
2021-06-01,Valencia,Centro-Levante,1.293,1.46,1.226,1.354,123.0,0.403
2021-06-01,Sevilla,Sur,1.343,1.482,1.241,1.385,191.0,0.464
2021-06-01,Zaragoza,Norte,1.279,1.417,1.167,1.312,156.0,0.409
2021-06-01,Bilbao,Norte,1.329,1.474,1.22,1.369,83.0,0.424
2021-06-01,Malaga,Sur,1.358,1.483,,1.387,192.0,0.415
2021-06-01,Murcia,Centro-Levante,1.291,1.4,1.181,1.304,135.0,0.467
2021-06-01,Alicante,Centro-Levante,1.332,1.466,,1.37,341.0,0.434
2021-06-01,Valladolid,Norte,1.326,1.428,1.214,1.336,306.0,0.451
2021-06-01,Palma,Islas,1.314,1.446,1.241,1.35,181.0,0.431
2021-06-01,Las Palmas,Islas,1.327,,1.239,1.358,,0.406
2021-06-01,Santa Cruz de Tenerife,Islas,1.299,1.421,1.171,1.325,55.0,0.416
2021-06-01,Cordoba,Sur,1.32,1.453,,1.363,245.0,0.446
2021-06-01,Granada,Sur,1.315,1.459,1.221,1.344,168.0,0.449
2021-07-01,Madrid,Centro-Levante,,1.37,1.172,1.315,156.0,0.432
2021-07-01,Barcelona,Centro-Levante,1.293,1.446,1.201,1.342,271.0,0.425
2021-07-01,Valencia,Centro-Levante,,1.464,1.235,1.377,130.0,0.43
2021-07-01,Sevilla,Sur,1.24,1.426,1.167,1.309,169.0,0.453
2021-07-01,Zaragoza,Norte,1.347,1.433,1.231,1.368,202.0,0.41
2021-07-01,Bilbao,Norte,1.361,1.482,,1.361,141.0,0.439
2021-07-01,Malaga,Sur,1.289,1.46,1.229,1.364,208.0,0.434
2021-07-01,Murcia,Centro-Levante,1.341,1.444,1.215,1.355,266.0,0.464
2021-07-01,Alicante,Centro-Levante,1.316,1.463,1.221,1.387,275.0,0.455
2021-07-01,Valladolid,Norte,1.31,1.425,1.184,1.317,154.0,0.402
2021-07-01,Palma,Islas,,1.474,,1.347,246.0,0.448
2021-07-01,Las Palmas,Islas,1.28,1.456,1.192,1.327,111.0,0.402
2021-07-01,Santa Cruz de Tenerife,Islas,1.31,1.448,1.198,1.337,71.0,0.472
2021-07-01,Cordoba,Sur,1.267,1.401,1.175,1.305,234.0,0.466
2021-07-01,Granada,Sur,1.336,1.467,1.266,1.365,190.0,0.443
2021-08-01,Madrid,Centro-Levante,1.313,,1.245,1.347,,0.416
2021-08-01,Barcelona,Centro-Levante,1.241,1.377,1.161,1.296,237.0,0.411
2021-08-01,Valencia,Centro-Levante,1.271,1.425,1.226,1.332,233.0,0.446
2021-08-01,Sevilla,Sur,1.309,1.427,1.216,1.339,88.0,0.477
2021-08-01,Zaragoza,Norte,1.349,1.479,,1.371,196.0,0.464
2021-08-01,Bilbao,Norte,1.28,1.394,1.181,1.316,195.0,0.43
2021-08-01,Malaga,Sur,1.298,1.422,,1.315,,0.439
2021-08-01,Murcia,Centro-Levante,1.33,1.437,1.217,1.36,249.0,0.471
2021-08-01,Alicante,Centro-Levante,1.257,1.388,1.172,1.318,191.0,0.474
2021-08-01,Valladolid,Norte,1.285,1.382,1.167,1.299,155.0,0.429
2021-08-01,Palma,Islas,,1.451,1.226,1.358,231.0,0.401
2021-08-01,Las Palmas,Islas,1.336,1.469,1.233,1.351,221.0,0.461
2021-08-01,Santa Cruz de Tenerife,Islas,1.356,,1.241,1.359,178.0,0.433
2021-08-01,Cordoba,Sur,1.292,1.417,1.196,1.323,181.0,0.424
2021-08-01,Granada,Sur,1.271,1.414,1.162,1.29,184.0,0.406
2021-09-01,Madrid,Centro-Levante,1.279,,1.205,1.317,170.0,0.472
2021-09-01,Barcelona,Centro-Levante,1.297,1.393,1.185,1.317,181.0,0.448
2021-09-01,Valencia,Centro-Levante,,1.425,1.19,1.332,311.0,0.45
2021-09-01,Sevilla,Sur,1.242,1.375,1.171,1.301,213.0,0.464
2021-09-01,Zaragoza,Norte,1.292,1.44,1.2,1.35,69.0,0.411
2021-09-01,Bilbao,Norte,1.317,,1.217,1.358,118.0,0.405
2021-09-01,Malaga,Sur,1.325,,1.235,1.359,223.0,0.425
2021-09-01,Murcia,Centro-Levante,1.326,1.46,1.244,1.36,225.0,0.477
2021-09-01,Alicante,Centro-Levante,1.262,1.423,1.182,1.277,211.0,0.453
2021-09-01,Valladolid,Norte,1.338,1.465,1.263,1.383,162.0,0.452
2021-09-01,Palma,Islas,1.265,1.387,1.125,1.289,93.0,0.429
2021-09-01,Las Palmas,Islas,1.288,1.44,1.187,1.316,208.0,0.453
2021-09-01,Santa Cruz de Tenerife,Islas,1.297,1.437,1.213,1.35,135.0,0.452
2021-09-01,Cordoba,Sur,1.322,1.474,1.211,1.376,134.0,0.416
2021-09-01,Granada,Sur,1.33,1.452,1.222,1.374,88.0,0.402
2021-10-01,Madrid,Centro-Levante,1.257,1.401,1.143,1.314,35.0,0.448
2021-10-01,Barcelona,Centro-Levante,1.271,1.392,1.187,1.296,,0.462
2021-10-01,Valencia,Centro-Levante,1.303,,1.216,1.356,135.0,0.441
2021-10-01,Sevilla,Sur,1.312,1.407,1.205,1.335,43.0,0.424
2021-10-01,Zaragoza,Norte,1.255,1.387,1.159,1.319,173.0,0.438
2021-10-01,Bilbao,Norte,1.276,1.399,1.165,1.29,140.0,0.411
2021-10-01,Malaga,Sur,1.315,1.46,1.241,1.358,157.0,0.451
2021-10-01,Murcia,Centro-Levante,1.283,1.444,,1.328,164.0,0.471
2021-10-01,Alicante,Centro-Levante,1.305,1.446,1.231,1.363,215.0,0.419
2021-10-01,Valladolid,Norte,,1.445,1.222,1.335,311.0,0.435
2021-10-01,Palma,Islas,1.238,1.393,1.152,1.302,202.0,0.419
2021-10-01,Las Palmas,Islas,1.359,1.493,1.253,1.369,137.0,0.45
2021-10-01,Santa Cruz de Tenerife,Islas,1.362,1.498,1.253,1.39,214.0,0.478
2021-10-01,Cordoba,Sur,1.336,1.449,1.226,1.378,263.0,0.413
2021-10-01,Granada,Sur,1.336,1.448,,1.356,167.0,0.418
2021-11-01,Madrid,Centro-Levante,,1.454,1.246,1.379,170.0,0.402
2021-11-01,Barcelona,Centro-Levante,1.312,1.443,1.229,1.346,86.0,0.474
2021-11-01,Valencia,Centro-Levante,1.356,1.482,1.279,1.408,186.0,0.429
2021-11-01,Sevilla,Sur,1.365,1.492,1.237,1.402,105.0,0.419
2021-11-01,Zaragoza,Norte,1.273,1.427,1.199,1.324,87.0,0.446
2021-11-01,Bilbao,Norte,1.358,1.447,1.24,1.368,,0.476
2021-11-01,Malaga,Sur,1.387,1.49,1.262,1.355,204.0,0.415
2021-11-01,Murcia,Centro-Levante,1.29,1.435,1.215,1.34,222.0,0.433
2021-11-01,Alicante,Centro-Levante,1.351,1.502,1.271,1.397,122.0,0.47
2021-11-01,Valladolid,Norte,1.337,1.452,1.211,1.369,,0.404
2021-11-01,Palma,Islas,1.363,1.489,,1.395,253.0,0.468
2021-11-01,Las Palmas,Islas,1.332,1.433,1.205,1.36,214.0,0.415
2021-11-01,Santa Cruz de Tenerife,Islas,,1.418,,1.347,288.0,0.413
2021-11-01,Cordoba,Sur,1.361,1.494,1.256,1.366,227.0,0.457
2021-11-01,Granada,Sur,1.353,1.469,1.225,1.385,244.0,0.437
2021-12-01,Madrid,Centro-Levante,1.403,1.534,1.299,1.413,220.0,0.465
2021-12-01,Barcelona,Centro-Levante,1.296,1.427,1.228,1.357,218.0,0.44
2021-12-01,Valencia,Centro-Levante,1.335,1.471,1.228,1.356,266.0,0.402
2021-12-01,Sevilla,Sur,1.379,1.517,1.289,1.398,191.0,0.477
2021-12-01,Zaragoza,Norte,1.321,1.458,,1.328,196.0,0.464
2021-12-01,Bilbao,Norte,1.336,1.477,1.238,1.369,202.0,0.464
2021-12-01,Malaga,Sur,1.333,1.468,,1.352,,0.423
2021-12-01,Murcia,Centro-Levante,1.345,1.434,1.241,1.346,138.0,0.463
2021-12-01,Alicante,Centro-Levante,1.322,1.482,1.217,1.349,170.0,0.43
2021-12-01,Valladolid,Norte,1.411,1.538,1.276,1.427,271.0,0.408
2021-12-01,Palma,Islas,1.316,1.446,1.204,1.338,184.0,0.478
2021-12-01,Las Palmas,Islas,1.33,1.428,1.2,1.358,113.0,0.421
2021-12-01,Santa Cruz de Tenerife,Islas,1.292,1.42,1.215,1.358,102.0,0.477
2021-12-01,Cordoba,Sur,1.355,1.489,1.259,1.377,269.0,0.421
2021-12-01,Granada,Sur,1.316,1.445,,1.309,235.0,0.422
2022-01-01,Madrid,Centro-Levante,1.552,1.689,,1.593,128.0,0.401
2022-01-01,Barcelona,Centro-Levante,,1.678,1.434,1.582,209.0,0.467
2022-01-01,Valencia,Centro-Levante,1.501,1.642,1.418,1.546,83.0,0.435
2022-01-01,Sevilla,Sur,,1.698,1.466,1.616,257.0,0.419
2022-01-01,Zaragoza,Norte,1.572,1.705,1.458,1.586,282.0,0.449
2022-01-01,Bilbao,Norte,1.558,,1.468,1.575,192.0,0.449
2022-01-01,Malaga,Sur,1.572,1.725,1.467,1.592,189.0,0.443
2022-01-01,Murcia,Centro-Levante,1.533,1.664,1.419,1.565,218.0,0.436
2022-01-01,Alicante,Centro-Levante,,1.673,1.439,1.564,212.0,0.405
2022-01-01,Valladolid,Norte,1.58,1.7,1.456,1.599,180.0,0.439
2022-01-01,Palma,Islas,1.591,1.712,1.509,1.605,138.0,0.413
2022-01-01,Las Palmas,Islas,1.495,1.64,1.39,1.534,189.0,0.455
2022-01-01,Santa Cruz de Tenerife,Islas,1.491,1.619,1.407,1.516,51.0,0.428
2022-01-01,Cordoba,Sur,1.586,1.698,1.49,1.594,98.0,0.44
2022-01-01,Granada,Sur,1.605,1.687,1.472,1.619,205.0,0.467
2022-02-01,Madrid,Centro-Levante,1.609,1.72,1.515,1.613,201.0,0.454
2022-02-01,Barcelona,Centro-Levante,1.512,1.669,1.429,1.579,163.0,0.428
2022-02-01,Valencia,Centro-Levante,1.527,1.652,1.402,1.534,215.0,0.405
2022-02-01,Sevilla,Sur,,1.669,1.45,1.584,,0.434
2022-02-01,Zaragoza,Norte,1.585,1.71,1.477,1.594,102.0,0.433
2022-02-01,Bilbao,Norte,1.605,1.76,1.5,1.616,159.0,0.411
2022-02-01,Malaga,Sur,1.567,1.702,1.464,1.608,190.0,0.441
2022-02-01,Murcia,Centro-Levante,1.551,1.67,1.476,1.593,114.0,0.401
2022-02-01,Alicante,Centro-Levante,1.595,1.731,1.484,1.617,200.0,0.439
2022-02-01,Valladolid,Norte,1.54,1.695,,1.57,,0.406
2022-02-01,Palma,Islas,,1.675,1.46,1.585,182.0,0.405
2022-02-01,Las Palmas,Islas,1.572,1.695,1.471,1.621,115.0,0.428
2022-02-01,Santa Cruz de Tenerife,Islas,1.537,1.674,1.44,1.598,163.0,0.453
2022-02-01,Cordoba,Sur,1.578,1.743,1.484,1.629,263.0,0.46
2022-02-01,Granada,Sur,1.597,1.703,1.491,1.633,271.0,0.459
2022-03-01,Madrid,Centro-Levante,1.537,1.663,1.439,1.568,212.0,0.452
2022-03-01,Barcelona,Centro-Levante,1.629,1.765,1.52,1.636,106.0,0.457
2022-03-01,Valencia,Centro-Levante,1.536,1.66,1.436,1.567,,0.441
2022-03-01,Sevilla,Sur,1.534,1.67,,1.581,154.0,0.453
2022-03-01,Zaragoza,Norte,1.612,1.711,,1.627,94.0,0.422
2022-03-01,Bilbao,Norte,1.554,1.652,1.446,1.549,217.0,0.453
2022-03-01,Malaga,Sur,1.61,1.741,1.488,1.647,152.0,0.421
2022-03-01,Murcia,Centro-Levante,1.52,1.646,1.427,1.545,184.0,0.453
2022-03-01,Alicante,Centro-Levante,1.56,1.676,1.445,1.588,137.0,0.408
2022-03-01,Valladolid,Norte,1.62,1.765,1.508,1.652,198.0,0.48
2022-03-01,Palma,Islas,1.541,1.665,1.457,1.565,71.0,0.452
2022-03-01,Las Palmas,Islas,1.551,1.691,1.449,1.584,301.0,0.45
2022-03-01,Santa Cruz de Tenerife,Islas,1.629,1.761,1.526,1.629,98.0,0.448
2022-03-01,Cordoba,Sur,,1.738,1.518,1.623,188.0,0.48
2022-03-01,Granada,Sur,1.633,1.754,1.524,1.665,176.0,0.454
2022-04-01,Madrid,Centro-Levante,1.576,1.724,1.484,1.616,103.0,0.455
2022-04-01,Barcelona,Centro-Levante,1.568,1.731,1.493,1.605,107.0,0.456
2022-04-01,Valencia,Centro-Levante,1.569,1.708,1.469,1.6,259.0,0.456
2022-04-01,Sevilla,Sur,1.587,1.778,1.489,1.628,80.0,0.474
2022-04-01,Zaragoza,Norte,1.584,1.68,1.49,1.597,171.0,0.449
2022-04-01,Bilbao,Norte,1.611,1.748,1.511,1.632,170.0,0.459
2022-04-01,Malaga,Sur,1.55,1.681,1.448,1.591,172.0,0.405
2022-04-01,Murcia,Centro-Levante,1.557,1.686,1.444,1.579,140.0,0.438
2022-04-01,Alicante,Centro-Levante,1.534,1.649,1.439,1.567,243.0,0.424
2022-04-01,Valladolid,Norte,1.536,1.663,1.458,1.558,157.0,0.427
2022-04-01,Palma,Islas,1.609,1.706,1.503,1.651,196.0,0.411
2022-04-01,Las Palmas,Islas,1.559,1.706,1.459,1.615,129.0,0.437
2022-04-01,Santa Cruz de Tenerife,Islas,,1.661,1.421,1.585,278.0,0.453
2022-04-01,Cordoba,Sur,1.589,1.738,1.51,1.627,108.0,0.439
2022-04-01,Granada,Sur,1.585,1.672,1.475,1.617,242.0,0.469
2022-05-01,Madrid,Centro-Levante,1.544,1.652,1.446,1.586,195.0,0.446
2022-05-01,Barcelona,Centro-Levante,1.541,1.671,1.468,1.565,231.0,0.453
2022-05-01,Valencia,Centro-Levante,1.506,1.659,1.414,1.547,,0.423
2022-05-01,Sevilla,Sur,,1.735,1.509,1.63,120.0,0.464
2022-05-01,Zaragoza,Norte,1.549,1.665,1.453,1.583,211.0,0.418
2022-05-01,Bilbao,Norte,1.518,1.657,1.439,1.566,202.0,0.45
2022-05-01,Malaga,Sur,1.584,1.698,1.477,1.613,229.0,0.403
2022-05-01,Murcia,Centro-Levante,1.54,1.66,1.431,1.569,233.0,0.437
2022-05-01,Alicante,Centro-Levante,1.586,1.699,1.51,1.6,250.0,0.414
2022-05-01,Valladolid,Norte,1.509,1.635,1.401,1.573,193.0,0.473
2022-05-01,Palma,Islas,,,1.463,1.586,251.0,0.413
2022-05-01,Las Palmas,Islas,1.51,1.62,,1.546,126.0,0.422
2022-05-01,Santa Cruz de Tenerife,Islas,1.547,,1.445,1.551,199.0,0.419
2022-05-01,Cordoba,Sur,1.572,1.72,,1.601,170.0,0.402
2022-05-01,Granada,Sur,1.617,1.726,1.485,1.609,,0.421
2022-06-01,Madrid,Centro-Levante,1.564,1.674,1.475,1.595,212.0,0.422
2022-06-01,Barcelona,Centro-Levante,1.543,1.674,1.415,1.543,173.0,0.421
2022-06-01,Valencia,Centro-Levante,1.522,1.657,1.42,1.551,197.0,0.477
2022-06-01,Sevilla,Sur,1.52,1.675,1.47,1.57,229.0,0.446
2022-06-01,Zaragoza,Norte,1.603,1.729,,1.628,112.0,0.433
2022-06-01,Bilbao,Norte,1.536,1.679,1.427,1.581,,0.427
2022-06-01,Malaga,Sur,1.536,1.676,1.464,1.572,68.0,0.424
2022-06-01,Murcia,Centro-Levante,1.541,1.686,1.461,1.578,163.0,0.459
2022-06-01,Alicante,Centro-Levante,1.577,1.725,1.476,1.593,231.0,0.426
2022-06-01,Valladolid,Norte,,1.639,1.403,1.52,118.0,0.478
2022-06-01,Palma,Islas,1.52,,,1.557,304.0,0.408
2022-06-01,Las Palmas,Islas,,1.656,1.416,1.553,154.0,0.404
2022-06-01,Santa Cruz de Tenerife,Islas,1.567,1.676,,1.582,219.0,0.446
2022-06-01,Cordoba,Sur,1.542,1.672,1.41,1.562,249.0,0.426
2022-06-01,Granada,Sur,1.513,1.65,1.411,1.566,176.0,0.418
2022-07-01,Madrid,Centro-Levante,1.534,1.664,1.418,1.53,204.0,0.409
2022-07-01,Barcelona,Centro-Levante,1.58,1.717,1.506,1.612,149.0,0.433
2022-07-01,Valencia,Centro-Levante,1.508,1.636,1.426,1.541,171.0,0.409
2022-07-01,Sevilla,Sur,,1.683,1.456,1.578,,0.444
2022-07-01,Zaragoza,Norte,1.535,1.666,1.411,1.576,152.0,0.428
2022-07-01,Bilbao,Norte,1.526,1.678,1.446,1.558,139.0,0.415
2022-07-01,Malaga,Sur,1.487,,1.407,1.547,180.0,0.459
2022-07-01,Murcia,Centro-Levante,1.561,,1.482,1.631,265.0,0.432
2022-07-01,Alicante,Centro-Levante,1.594,1.7,1.484,1.588,162.0,0.467
2022-07-01,Valladolid,Norte,1.547,1.67,1.457,1.582,167.0,0.42
2022-07-01,Palma,Islas,1.609,1.663,1.481,1.582,166.0,0.422
2022-07-01,Las Palmas,Islas,1.488,1.642,1.381,1.535,109.0,0.464
2022-07-01,Santa Cruz de Tenerife,Islas,1.604,1.707,1.485,1.61,256.0,0.41
2022-07-01,Cordoba,Sur,1.599,,1.469,1.604,118.0,0.444
2022-07-01,Granada,Sur,1.526,1.656,1.449,1.555,129.0,0.401
2022-08-01,Madrid,Centro-Levante,1.545,1.661,1.452,1.574,149.0,0.469
2022-08-01,Barcelona,Centro-Levante,1.566,1.703,1.476,1.598,158.0,0.447
2022-08-01,Valencia,Centro-Levante,1.482,1.603,1.395,1.514,149.0,0.432
2022-08-01,Sevilla,Sur,1.553,1.715,1.467,1.621,,0.444
2022-08-01,Zaragoza,Norte,1.499,1.635,1.384,1.51,219.0,0.418
2022-08-01,Bilbao,Norte,1.534,1.685,1.472,1.584,179.0,0.435
2022-08-01,Malaga,Sur,1.506,1.656,1.387,1.548,108.0,0.464
2022-08-01,Murcia,Centro-Levante,1.555,1.685,1.448,1.572,281.0,0.405
2022-08-01,Alicante,Centro-Levante,,,1.375,1.522,111.0,0.421
2022-08-01,Valladolid,Norte,1.566,1.71,1.465,1.583,225.0,0.466
2022-08-01,Palma,Islas,1.532,1.674,1.464,1.585,138.0,0.429
2022-08-01,Las Palmas,Islas,1.543,1.676,1.456,1.593,243.0,0.423
2022-08-01,Santa Cruz de Tenerife,Islas,,1.639,1.45,1.537,132.0,0.445
2022-08-01,Cordoba,Sur,1.581,1.705,1.485,1.601,219.0,0.42
2022-08-01,Granada,Sur,1.558,1.692,1.479,1.609,281.0,0.448
2022-09-01,Madrid,Centro-Levante,1.524,1.708,1.461,1.571,223.0,0.419
2022-09-01,Barcelona,Centro-Levante,1.529,,1.453,1.587,199.0,0.404
2022-09-01,Valencia,Centro-Levante,1.551,1.654,1.453,1.592,160.0,0.407
2022-09-01,Sevilla,Sur,1.508,1.639,1.405,1.555,47.0,0.414
2022-09-01,Zaragoza,Norte,1.515,1.643,1.431,1.565,133.0,0.407
2022-09-01,Bilbao,Norte,1.542,1.682,1.439,1.559,163.0,0.457
2022-09-01,Malaga,Sur,1.54,1.645,1.413,1.543,250.0,0.476
2022-09-01,Murcia,Centro-Levante,1.529,1.651,1.398,1.556,284.0,0.401
2022-09-01,Alicante,Centro-Levante,1.572,1.666,1.431,1.593,134.0,0.432
2022-09-01,Valladolid,Norte,1.559,1.679,,1.569,134.0,0.401
2022-09-01,Palma,Islas,1.545,1.708,1.437,1.556,265.0,0.431
2022-09-01,Las Palmas,Islas,,1.632,1.399,1.536,196.0,0.443
2022-09-01,Santa Cruz de Tenerife,Islas,1.561,1.715,1.46,1.58,252.0,0.425
2022-09-01,Cordoba,Sur,1.512,1.612,1.399,1.546,222.0,0.456
2022-09-01,Granada,Sur,1.557,1.704,1.466,1.605,152.0,0.449
2022-10-01,Madrid,Centro-Levante,1.549,1.701,1.472,1.636,141.0,0.443
2022-10-01,Barcelona,Centro-Levante,1.516,1.663,1.407,1.513,298.0,0.42
2022-10-01,Valencia,Centro-Levante,1.521,1.663,1.424,1.555,257.0,0.458
2022-10-01,Sevilla,Sur,1.519,1.689,1.434,1.545,58.0,0.473
2022-10-01,Zaragoza,Norte,1.504,1.616,1.39,1.531,240.0,0.427
2022-10-01,Bilbao,Norte,1.579,1.679,1.431,1.573,193.0,0.478
2022-10-01,Malaga,Sur,1.513,1.655,1.422,1.543,181.0,0.453
2022-10-01,Murcia,Centro-Levante,1.559,1.71,1.479,1.617,167.0,0.431
2022-10-01,Alicante,Centro-Levante,1.57,1.716,1.447,1.588,,0.476
2022-10-01,Valladolid,Norte,1.542,,1.384,1.553,129.0,0.431
2022-10-01,Palma,Islas,1.501,1.624,1.414,1.537,139.0,0.448
2022-10-01,Las Palmas,Islas,1.55,1.721,1.479,1.624,187.0,0.473
2022-10-01,Santa Cruz de Tenerife,Islas,,1.648,1.424,1.557,111.0,0.448
2022-10-01,Cordoba,Sur,1.516,1.633,1.398,1.518,245.0,0.463
2022-10-01,Granada,Sur,1.524,,1.408,1.547,150.0,0.441
2022-11-01,Madrid,Centro-Levante,1.566,1.7,1.48,1.592,144.0,0.411
2022-11-01,Barcelona,Centro-Levante,1.562,1.66,1.467,1.581,144.0,0.472
2022-11-01,Valencia,Centro-Levante,1.539,1.652,1.447,1.588,248.0,0.444
2022-11-01,Sevilla,Sur,1.579,1.736,1.494,1.599,284.0,0.477
2022-11-01,Zaragoza,Norte,1.539,,1.472,1.612,264.0,0.442
2022-11-01,Bilbao,Norte,1.536,1.649,1.43,1.543,167.0,0.415
2022-11-01,Malaga,Sur,1.517,,1.429,1.525,37.0,0.467
2022-11-01,Murcia,Centro-Levante,1.514,1.639,1.42,1.551,135.0,0.445
2022-11-01,Alicante,Centro-Levante,1.601,1.724,1.518,1.63,150.0,0.406
2022-11-01,Valladolid,Norte,1.534,1.627,1.423,1.556,187.0,0.411
2022-11-01,Palma,Islas,1.531,1.675,1.43,1.594,,0.402
2022-11-01,Las Palmas,Islas,1.534,1.67,1.445,1.558,248.0,0.431
2022-11-01,Santa Cruz de Tenerife,Islas,1.538,1.674,,1.59,126.0,0.463
2022-11-01,Cordoba,Sur,1.585,1.742,1.5,1.628,215.0,0.432
2022-11-01,Granada,Sur,1.537,,1.439,1.595,252.0,0.464
2022-12-01,Madrid,Centro-Levante,1.615,1.743,1.506,1.638,115.0,0.444
2022-12-01,Barcelona,Centro-Levante,1.567,1.694,1.469,1.584,119.0,0.413
2022-12-01,Valencia,Centro-Levante,1.615,1.769,,1.617,148.0,0.429
2022-12-01,Sevilla,Sur,1.566,1.717,1.514,1.597,96.0,0.459
2022-12-01,Zaragoza,Norte,1.532,1.675,1.419,1.537,206.0,0.456
2022-12-01,Bilbao,Norte,1.591,1.723,1.478,1.64,156.0,0.434
2022-12-01,Malaga,Sur,1.575,1.686,1.485,1.614,166.0,0.423
2022-12-01,Murcia,Centro-Levante,1.598,1.722,1.487,1.627,231.0,0.433
2022-12-01,Alicante,Centro-Levante,,1.706,1.477,1.617,191.0,0.448
2022-12-01,Valladolid,Norte,1.628,1.728,1.507,1.645,145.0,0.416
2022-12-01,Palma,Islas,1.537,1.687,1.427,1.56,291.0,0.449
2022-12-01,Las Palmas,Islas,1.51,,1.424,1.543,260.0,0.464
2022-12-01,Santa Cruz de Tenerife,Islas,1.635,1.746,1.529,1.67,225.0,0.454
2022-12-01,Cordoba,Sur,1.627,1.742,1.514,1.653,151.0,0.469
2022-12-01,Granada,Sur,1.569,1.687,1.483,1.614,227.0,0.425
2023-01-01,Madrid,Centro-Levante,1.412,1.537,1.316,1.426,225.0,0.477
2023-01-01,Barcelona,Centro-Levante,1.418,1.538,1.292,1.439,277.0,0.417
2023-01-01,Valencia,Centro-Levante,1.403,1.517,1.329,1.453,149.0,0.422
2023-01-01,Sevilla,Sur,1.362,1.515,1.284,1.429,138.0,0.472
2023-01-01,Zaragoza,Norte,1.425,1.56,1.347,1.469,162.0,0.425
2023-01-01,Bilbao,Norte,1.437,1.568,,1.467,205.0,0.455
2023-01-01,Malaga,Sur,1.44,1.606,1.384,1.488,117.0,0.425
2023-01-01,Murcia,Centro-Levante,1.444,1.571,1.347,1.488,226.0,0.465
2023-01-01,Alicante,Centro-Levante,1.47,1.581,1.362,1.479,230.0,0.42
2023-01-01,Valladolid,Norte,1.468,1.577,1.372,1.476,242.0,0.413
2023-01-01,Palma,Islas,1.426,1.58,1.348,1.498,128.0,0.466
2023-01-01,Las Palmas,Islas,1.48,,1.35,1.482,,0.456
2023-01-01,Santa Cruz de Tenerife,Islas,1.405,1.538,1.297,1.418,184.0,0.451
2023-01-01,Cordoba,Sur,1.393,1.535,1.281,1.408,161.0,0.401
2023-01-01,Granada,Sur,1.417,1.551,1.301,1.432,16.0,0.47
2023-02-01,Madrid,Centro-Levante,1.443,1.541,1.329,1.461,146.0,0.448
2023-02-01,Barcelona,Centro-Levante,1.44,1.544,1.326,1.444,120.0,0.437
2023-02-01,Valencia,Centro-Levante,1.431,1.535,1.323,1.444,79.0,0.48
2023-02-01,Sevilla,Sur,1.418,1.561,1.305,1.447,208.0,0.413
2023-02-01,Zaragoza,Norte,1.4,1.522,1.287,1.419,224.0,0.41
2023-02-01,Bilbao,Norte,1.411,1.537,1.347,1.469,173.0,0.464
2023-02-01,Malaga,Sur,1.405,1.571,1.305,1.456,181.0,0.469
2023-02-01,Murcia,Centro-Levante,1.376,1.532,1.279,1.413,194.0,0.479
2023-02-01,Alicante,Centro-Levante,1.439,1.598,1.357,1.477,148.0,0.466
2023-02-01,Valladolid,Norte,1.396,1.53,1.315,1.426,140.0,0.43
2023-02-01,Palma,Islas,1.441,1.595,1.377,1.487,161.0,0.476
2023-02-01,Las Palmas,Islas,1.368,1.498,1.273,1.408,156.0,0.451
2023-02-01,Santa Cruz de Tenerife,Islas,1.395,1.528,1.285,1.411,185.0,0.476
2023-02-01,Cordoba,Sur,1.4,1.536,,1.434,,0.423
2023-02-01,Granada,Sur,1.402,1.56,1.289,1.452,127.0,0.413
2023-03-01,Madrid,Centro-Levante,1.439,1.547,1.327,1.463,189.0,0.407
2023-03-01,Barcelona,Centro-Levante,1.406,1.546,1.323,1.452,204.0,0.403
2023-03-01,Valencia,Centro-Levante,1.412,1.532,1.309,1.427,258.0,0.427
2023-03-01,Sevilla,Sur,1.44,1.573,1.345,1.482,231.0,0.465
2023-03-01,Zaragoza,Norte,1.374,1.506,1.276,1.439,197.0,0.465
2023-03-01,Bilbao,Norte,1.408,1.55,1.32,1.445,118.0,0.451
2023-03-01,Malaga,Sur,1.431,1.597,1.34,1.482,264.0,0.414
2023-03-01,Murcia,Centro-Levante,1.395,1.522,1.307,1.414,248.0,0.404
2023-03-01,Alicante,Centro-Levante,1.438,1.556,1.341,1.474,116.0,0.425
2023-03-01,Valladolid,Norte,1.478,1.619,1.369,1.521,187.0,0.444
2023-03-01,Palma,Islas,1.432,1.563,1.337,1.477,259.0,0.427
2023-03-01,Las Palmas,Islas,1.471,1.62,1.399,1.508,79.0,0.418
2023-03-01,Santa Cruz de Tenerife,Islas,1.458,1.602,1.364,1.489,145.0,0.428
2023-03-01,Cordoba,Sur,1.433,1.63,,1.5,244.0,0.435
2023-03-01,Granada,Sur,1.489,1.593,1.373,1.508,227.0,0.468
2023-04-01,Madrid,Centro-Levante,1.435,1.554,1.319,1.449,296.0,0.46
2023-04-01,Barcelona,Centro-Levante,1.405,1.559,1.325,1.471,140.0,0.46
2023-04-01,Valencia,Centro-Levante,1.42,1.551,1.303,1.465,236.0,0.457
2023-04-01,Sevilla,Sur,1.396,1.539,1.32,1.427,190.0,0.412
2023-04-01,Zaragoza,Norte,1.477,1.612,1.367,1.466,231.0,0.452
2023-04-01,Bilbao,Norte,1.408,1.515,1.273,1.441,249.0,0.427
2023-04-01,Malaga,Sur,1.472,,1.371,1.499,201.0,0.434
2023-04-01,Murcia,Centro-Levante,1.407,1.56,1.289,1.439,217.0,0.469
2023-04-01,Alicante,Centro-Levante,,1.592,1.352,1.487,190.0,0.442
2023-04-01,Valladolid,Norte,1.406,1.531,1.342,1.457,110.0,0.43
2023-04-01,Palma,Islas,1.453,,1.349,1.462,,0.453
2023-04-01,Las Palmas,Islas,1.445,1.616,1.324,1.483,95.0,0.464
2023-04-01,Santa Cruz de Tenerife,Islas,1.406,1.533,1.295,1.425,295.0,0.422
2023-04-01,Cordoba,Sur,1.45,1.569,1.342,1.482,250.0,0.403
2023-04-01,Granada,Sur,1.421,1.572,1.331,1.464,,0.459
2023-05-01,Madrid,Centro-Levante,1.463,,1.326,1.438,134.0,0.408
2023-05-01,Barcelona,Centro-Levante,1.461,1.582,1.355,1.512,181.0,0.405
2023-05-01,Valencia,Centro-Levante,1.454,1.563,1.33,1.448,176.0,0.446
2023-05-01,Sevilla,Sur,1.428,1.548,1.323,1.463,131.0,0.408
2023-05-01,Zaragoza,Norte,1.46,1.601,1.343,1.498,,0.439
2023-05-01,Bilbao,Norte,,1.57,,1.495,178.0,0.449
2023-05-01,Malaga,Sur,1.422,1.545,1.336,1.477,123.0,0.401
2023-05-01,Murcia,Centro-Levante,1.476,1.626,1.356,1.508,147.0,0.475
2023-05-01,Alicante,Centro-Levante,1.44,1.551,1.331,1.484,199.0,0.472
2023-05-01,Valladolid,Norte,1.454,1.565,1.332,1.481,,0.424
2023-05-01,Palma,Islas,1.395,1.552,1.304,1.412,174.0,0.437
2023-05-01,Las Palmas,Islas,1.39,1.519,1.289,1.419,268.0,0.445
2023-05-01,Santa Cruz de Tenerife,Islas,1.38,1.504,1.282,1.412,,0.473
2023-05-01,Cordoba,Sur,1.405,1.545,1.32,1.45,205.0,0.429
2023-05-01,Granada,Sur,1.459,1.585,1.385,1.512,218.0,0.405
2023-06-01,Madrid,Centro-Levante,1.419,1.522,,1.451,150.0,0.435
2023-06-01,Barcelona,Centro-Levante,1.445,1.569,1.348,1.502,114.0,0.459
2023-06-01,Valencia,Centro-Levante,1.423,1.519,1.287,1.406,,0.428
2023-06-01,Sevilla,Sur,1.41,1.528,1.328,1.45,281.0,0.433
2023-06-01,Zaragoza,Norte,1.408,1.544,1.32,1.45,177.0,0.434
2023-06-01,Bilbao,Norte,1.422,1.555,1.334,1.453,172.0,0.438
2023-06-01,Malaga,Sur,1.423,1.525,1.306,1.41,259.0,0.47
2023-06-01,Murcia,Centro-Levante,1.392,1.537,1.266,1.42,248.0,0.424
2023-06-01,Alicante,Centro-Levante,1.386,1.511,1.279,1.415,270.0,0.418
2023-06-01,Valladolid,Norte,1.392,1.512,1.269,1.414,,0.457
2023-06-01,Palma,Islas,1.481,1.582,,1.495,113.0,0.448
2023-06-01,Las Palmas,Islas,1.408,1.555,1.29,1.472,233.0,0.472
2023-06-01,Santa Cruz de Tenerife,Islas,1.398,1.542,1.304,1.432,213.0,0.436
2023-06-01,Cordoba,Sur,1.371,1.535,1.288,1.407,132.0,0.412
2023-06-01,Granada,Sur,1.414,1.516,1.313,1.435,164.0,0.424
2023-07-01,Madrid,Centro-Levante,1.451,1.59,1.364,1.485,160.0,0.421
2023-07-01,Barcelona,Centro-Levante,1.402,1.548,1.313,1.456,316.0,0.432
2023-07-01,Valencia,Centro-Levante,1.412,1.503,1.277,1.386,189.0,0.479
2023-07-01,Sevilla,Sur,1.447,1.567,1.311,1.443,,0.428
2023-07-01,Zaragoza,Norte,1.399,,1.304,1.447,244.0,0.419
2023-07-01,Bilbao,Norte,1.371,1.484,1.28,1.375,215.0,0.477
2023-07-01,Malaga,Sur,1.43,1.547,1.334,1.452,134.0,0.437
2023-07-01,Murcia,Centro-Levante,1.393,1.521,1.303,1.417,105.0,0.472
2023-07-01,Alicante,Centro-Levante,1.425,1.575,1.377,1.487,236.0,0.404
2023-07-01,Valladolid,Norte,1.348,1.468,1.247,1.391,60.0,0.426
2023-07-01,Palma,Islas,1.356,1.474,1.28,1.407,226.0,0.457
2023-07-01,Las Palmas,Islas,1.401,1.552,1.31,1.449,140.0,0.459
2023-07-01,Santa Cruz de Tenerife,Islas,1.376,1.526,1.273,1.404,,0.45
2023-07-01,Cordoba,Sur,1.395,1.536,1.303,1.433,139.0,0.433
2023-07-01,Granada,Sur,1.419,1.539,1.331,1.457,111.0,0.44
2023-08-01,Madrid,Centro-Levante,1.414,1.559,1.329,1.475,117.0,0.425
2023-08-01,Barcelona,Centro-Levante,1.33,1.472,,1.395,236.0,0.424
2023-08-01,Valencia,Centro-Levante,1.386,1.539,1.308,1.438,276.0,0.473
2023-08-01,Sevilla,Sur,1.372,1.519,1.263,1.374,231.0,0.471
2023-08-01,Zaragoza,Norte,1.38,1.542,1.334,1.413,175.0,0.415
2023-08-01,Bilbao,Norte,1.383,1.518,1.287,1.429,143.0,0.462
2023-08-01,Malaga,Sur,1.436,1.555,1.334,1.473,206.0,0.446
2023-08-01,Murcia,Centro-Levante,1.44,1.507,1.316,1.441,172.0,0.423
2023-08-01,Alicante,Centro-Levante,1.392,1.541,1.295,1.429,206.0,0.408
2023-08-01,Valladolid,Norte,1.366,1.51,1.253,1.394,,0.466
2023-08-01,Palma,Islas,1.418,1.537,1.305,1.45,171.0,0.449
2023-08-01,Las Palmas,Islas,1.424,1.569,1.323,1.475,96.0,0.48
2023-08-01,Santa Cruz de Tenerife,Islas,,1.511,1.274,1.416,210.0,0.478
2023-08-01,Cordoba,Sur,1.468,1.597,,1.467,147.0,0.429
2023-08-01,Granada,Sur,1.432,1.557,1.355,1.461,141.0,0.438
2023-09-01,Madrid,Centro-Levante,1.422,1.588,,1.473,175.0,0.438
2023-09-01,Barcelona,Centro-Levante,1.389,1.532,1.301,1.404,235.0,0.425
2023-09-01,Valencia,Centro-Levante,1.358,1.494,,1.396,172.0,0.437
2023-09-01,Sevilla,Sur,1.372,1.503,1.264,1.382,89.0,0.467
2023-09-01,Zaragoza,Norte,1.442,1.544,1.335,1.482,215.0,0.407
2023-09-01,Bilbao,Norte,1.395,1.537,1.33,1.45,150.0,0.405
2023-09-01,Malaga,Sur,1.41,1.53,1.302,1.451,245.0,0.422
2023-09-01,Murcia,Centro-Levante,1.327,1.494,1.269,1.401,211.0,0.454
2023-09-01,Alicante,Centro-Levante,1.358,1.495,1.275,1.391,111.0,0.408
2023-09-01,Valladolid,Norte,1.438,1.589,1.346,1.47,238.0,0.467
2023-09-01,Palma,Islas,1.365,1.492,1.266,1.369,191.0,0.403
2023-09-01,Las Palmas,Islas,1.407,,1.298,1.432,140.0,0.44
2023-09-01,Santa Cruz de Tenerife,Islas,1.435,1.566,1.342,1.491,105.0,0.413
2023-09-01,Cordoba,Sur,1.428,1.57,1.325,1.442,68.0,0.432
2023-09-01,Granada,Sur,,1.563,1.359,1.455,198.0,0.421
2023-10-01,Madrid,Centro-Levante,1.445,1.582,1.339,1.477,209.0,0.476
2023-10-01,Barcelona,Centro-Levante,1.412,1.547,1.319,1.452,261.0,0.411
2023-10-01,Valencia,Centro-Levante,1.366,,1.278,1.417,104.0,0.443
2023-10-01,Sevilla,Sur,1.441,1.578,1.337,1.454,253.0,0.479
2023-10-01,Zaragoza,Norte,1.378,1.521,,1.391,227.0,0.464
2023-10-01,Bilbao,Norte,1.371,1.5,1.287,1.382,76.0,0.425
2023-10-01,Malaga,Sur,1.405,1.566,1.333,1.454,,0.405
2023-10-01,Murcia,Centro-Levante,1.388,1.526,1.273,1.425,266.0,0.412
2023-10-01,Alicante,Centro-Levante,1.419,1.581,1.326,1.49,83.0,0.409
2023-10-01,Valladolid,Norte,1.356,1.496,1.251,1.38,193.0,0.473
2023-10-01,Palma,Islas,1.409,1.532,1.312,1.432,129.0,0.408
2023-10-01,Las Palmas,Islas,1.378,1.533,1.282,1.407,181.0,0.433
2023-10-01,Santa Cruz de Tenerife,Islas,1.376,1.5,,1.413,188.0,0.44
2023-10-01,Cordoba,Sur,1.469,1.565,1.333,1.479,261.0,0.406
2023-10-01,Granada,Sur,1.373,1.526,1.294,1.44,173.0,0.435
2023-11-01,Madrid,Centro-Levante,1.467,1.586,1.373,1.465,110.0,0.412
2023-11-01,Barcelona,Centro-Levante,1.41,1.501,1.274,1.402,248.0,0.44
2023-11-01,Valencia,Centro-Levante,1.385,1.535,,1.424,109.0,0.441
2023-11-01,Sevilla,Sur,1.408,1.529,1.267,1.424,155.0,0.419
2023-11-01,Zaragoza,Norte,1.434,1.591,1.362,1.469,161.0,0.421
2023-11-01,Bilbao,Norte,1.478,1.581,1.383,1.472,176.0,0.45
2023-11-01,Malaga,Sur,1.409,1.542,1.342,1.432,284.0,0.447
2023-11-01,Murcia,Centro-Levante,1.416,1.55,1.306,1.456,169.0,0.427
2023-11-01,Alicante,Centro-Levante,1.501,1.607,1.355,1.5,132.0,0.45
2023-11-01,Valladolid,Norte,,1.537,1.326,1.444,110.0,0.474
2023-11-01,Palma,Islas,1.452,1.535,1.329,1.486,124.0,0.477
2023-11-01,Las Palmas,Islas,1.394,1.502,1.299,1.432,223.0,0.454
2023-11-01,Santa Cruz de Tenerife,Islas,1.417,1.553,1.345,1.478,139.0,0.423
2023-11-01,Cordoba,Sur,1.403,1.525,1.299,1.441,196.0,0.413
2023-11-01,Granada,Sur,1.445,1.584,1.334,1.494,257.0,0.465
2023-12-01,Madrid,Centro-Levante,1.423,1.56,1.339,1.461,273.0,0.472
2023-12-01,Barcelona,Centro-Levante,1.49,1.621,1.39,1.506,152.0,0.476
2023-12-01,Valencia,Centro-Levante,1.409,1.529,1.283,1.449,238.0,0.401
2023-12-01,Sevilla,Sur,1.489,1.614,1.39,1.524,58.0,0.44
2023-12-01,Zaragoza,Norte,1.431,1.53,1.323,1.428,275.0,0.412
2023-12-01,Bilbao,Norte,1.459,1.585,1.344,1.491,181.0,0.406
2023-12-01,Malaga,Sur,1.463,1.596,1.347,1.447,187.0,0.46
2023-12-01,Murcia,Centro-Levante,1.435,,1.303,1.425,,0.41
2023-12-01,Alicante,Centro-Levante,1.458,1.598,1.354,1.508,144.0,0.419
2023-12-01,Valladolid,Norte,1.468,1.571,1.359,1.498,168.0,0.413
2023-12-01,Palma,Islas,1.447,1.586,1.365,1.508,181.0,0.475
2023-12-01,Las Palmas,Islas,1.444,1.583,1.356,1.469,-16.0,0.439
2023-12-01,Santa Cruz de Tenerife,Islas,1.464,1.602,1.391,1.505,54.0,0.446
2023-12-01,Cordoba,Sur,1.415,1.568,1.307,1.442,126.0,0.437
2023-12-01,Granada,Sur,1.415,,1.321,1.479,290.0,0.429
